payment_id,order_id,payment_date,payment_status
1,293,2021-09-16,Refunded
2,374,2021-08-06,Payment Failed
3,335,2023-01-15,Payment Successful
4,486,2021-05-02,Payment Successful
5,511,2022-08-22,Payment Successful
6,1005,2021-04-26,Refunded
7,399,2021-08-12,Payment Successful
8,466,2024-03-27,Refunded
9,1224,2021-03-17,Refunded
10,1362,2023-09-17,Payment Failed
11,372,2020-10-24,Payment Successful
12,495,2022-11-13,Refunded
13,1060,2022-11-11,Refunded
14,106,2023-02-11,Payment Successful
15,278,2022-04-10,Refunded
16,226,2023-07-12,Payment Successful
17,348,2020-05-17,Payment Successful
18,1160,2022-06-08,Refunded
19,1494,2021-07-10,Payment Failed
20,17,2024-05-04,Refunded
21,587,2021-11-27,Payment Failed
22,1092,2022-11-02,Payment Failed
23,600,2022-06-09,Payment Failed
24,1281,2023-11-02,Refunded
25,62,2024-06-06,Refunded
26,339,2022-03-23,Payment Failed
27,520,2022-11-28,Payment Successful
28,305,2023-08-26,Refunded
29,1342,2024-07-20,Refunded
30,596,2022-04-19,Payment Failed
31,428,2022-07-25,Refunded
32,32,2022-05-20,Refunded
33,576,2021-12-25,Refunded
34,172,2023-02-02,Payment Failed
35,643,2023-02-25,Payment Failed
36,871,2020-01-24,Refunded
37,20,2021-06-29,Payment Successful
38,1183,2022-05-08,Refunded
39,708,2021-03-26,Payment Successful
40,299,2022-10-17,Payment Failed
41,249,2024-08-26,Payment Successful
42,848,2023-06-09,Payment Successful
43,1099,2020-10-27,Refunded
44,1045,2020-03-06,Payment Failed
45,137,2020-04-17,Payment Successful
46,535,2020-06-25,Refunded
47,512,2024-02-13,Payment Successful
48,539,2023-11-12,Payment Failed
49,1356,2023-12-01,Refunded
50,884,2024-03-17,Payment Successful
51,86,2022-01-02,Refunded
52,1296,2023-04-15,Refunded
53,607,2023-02-01,Payment Successful
54,1342,2023-08-19,Payment Successful
55,1349,2021-05-22,Payment Successful
56,891,2022-08-25,Refunded
57,955,2024-12-05,Payment Successful
58,681,2020-11-21,Payment Successful
59,967,2023-01-30,Payment Failed
60,1263,2021-11-14,Payment Failed
61,237,2020-05-03,Payment Successful
62,257,2020-01-26,Payment Failed
63,100,2021-03-21,Payment Failed
64,646,2021-03-22,Payment Failed
65,1441,2022-12-01,Payment Failed
66,811,2022-12-10,Payment Failed
67,1152,2020-10-31,Payment Failed
68,854,2023-04-17,Payment Successful
69,1076,2024-08-06,Payment Successful
70,614,2023-01-13,Payment Failed
71,742,2023-06-30,Refunded
72,15,2020-06-29,Payment Successful
73,1009,2021-10-17,Refunded
74,570,2022-11-13,Payment Successful
75,423,2024-06-15,Refunded
76,833,2020-03-15,Payment Successful
77,101,2021-12-21,Payment Successful
78,492,2022-12-24,Payment Successful
79,1390,2022-11-06,Payment Failed
80,164,2023-05-06,Payment Failed
81,1317,2023-10-21,Payment Failed
82,444,2022-01-31,Payment Failed
83,605,2024-03-28,Refunded
84,401,2023-09-23,Refunded
85,391,2022-09-25,Refunded
86,968,2020-02-28,Payment Failed
87,559,2023-02-18,Payment Successful
88,808,2024-08-10,Payment Failed
89,230,2023-12-05,Refunded
90,1334,2022-05-01,Payment Failed
91,1108,2020-07-31,Payment Failed
92,807,2020-11-02,Payment Successful
93,345,2024-06-08,Refunded
94,954,2024-04-07,Payment Failed
95,289,2023-07-25,Payment Successful
96,690,2021-09-22,Payment Successful
97,253,2023-11-27,Refunded
98,1415,2023-11-21,Refunded
99,344,2021-06-07,Payment Failed
100,837,2022-10-06,Payment Successful
101,1257,2023-11-04,Payment Failed
102,93,2024-09-25,Refunded
103,144,2023-05-12,Refunded
104,1302,2022-05-31,Refunded
105,639,2022-04-07,Payment Successful
106,835,2023-03-02,Payment Failed
107,859,2024-03-09,Payment Failed
108,723,2024-09-21,Refunded
109,1218,2020-02-21,Refunded
110,404,2024-04-02,Payment Successful
111,1452,2022-07-13,Refunded
112,814,2021-02-27,Payment Successful
113,959,2020-07-23,Payment Successful
114,988,2022-01-22,Refunded
115,956,2023-10-30,Payment Failed
116,758,2024-07-01,Payment Successful
117,1266,2020-04-17,Refunded
118,394,2021-06-23,Payment Successful
119,944,2024-10-21,Payment Failed
120,907,2020-01-15,Payment Successful
121,1282,2024-08-28,Refunded
122,995,2022-02-21,Refunded
123,733,2020-07-05,Payment Failed
124,293,2020-09-16,Refunded
125,1427,2021-07-01,Payment Failed
126,1104,2024-01-06,Payment Successful
127,1111,2020-02-12,Payment Successful
128,1371,2023-10-12,Payment Failed
129,690,2022-10-28,Refunded
130,289,2020-07-08,Payment Failed
131,209,2020-03-14,Payment Failed
132,727,2024-01-17,Refunded
133,633,2020-04-21,Payment Failed
134,181,2022-02-06,Payment Failed
135,390,2021-09-20,Payment Failed
136,883,2023-07-04,Payment Successful
137,1406,2022-06-01,Payment Successful
138,134,2022-08-07,Refunded
139,1364,2023-12-07,Refunded
140,74,2024-03-02,Payment Failed
141,577,2023-12-05,Payment Failed
142,469,2022-05-20,Refunded
143,537,2022-11-21,Payment Successful
144,547,2021-12-25,Payment Failed
145,812,2021-07-09,Payment Failed
146,388,2022-09-07,Refunded
147,140,2024-01-07,Payment Failed
148,166,2022-03-17,Refunded
149,808,2023-05-19,Payment Successful
150,278,2020-05-22,Refunded
151,312,2020-04-17,Refunded
152,812,2020-07-26,Payment Successful
153,855,2024-03-07,Refunded
154,318,2020-01-29,Payment Successful
155,1106,2020-03-27,Refunded
156,1374,2024-04-05,Payment Failed
157,946,2023-10-20,Payment Successful
158,1165,2020-01-27,Payment Successful
159,137,2020-02-22,Refunded
160,957,2020-03-17,Payment Successful
161,856,2021-04-16,Refunded
162,1266,2022-09-07,Payment Failed
163,903,2023-12-27,Payment Failed
164,92,2020-05-09,Payment Successful
165,1361,2023-10-20,Payment Successful
166,90,2024-02-17,Refunded
167,1488,2023-01-07,Payment Failed
168,4,2024-06-04,Payment Failed
169,965,2023-06-05,Payment Successful
170,611,2023-02-05,Refunded
171,1079,2021-10-06,Payment Failed
172,297,2023-03-30,Payment Successful
173,1124,2021-06-03,Refunded
174,434,2023-04-03,Payment Failed
175,575,2023-03-27,Payment Failed
176,938,2022-04-02,Payment Successful
177,808,2023-04-11,Payment Successful
178,698,2021-02-20,Refunded
179,1493,2023-03-11,Payment Successful
180,1131,2023-04-12,Refunded
181,422,2023-02-14,Payment Failed
182,1272,2024-06-03,Payment Successful
183,287,2021-01-13,Payment Failed
184,378,2021-11-21,Payment Successful
185,754,2022-04-04,Refunded
186,729,2022-10-12,Payment Successful
187,38,2020-11-04,Payment Failed
188,88,2024-07-31,Refunded
189,1338,2021-05-01,Payment Failed
190,25,2022-05-07,Refunded
191,894,2023-04-29,Refunded
192,858,2023-05-22,Refunded
193,52,2024-04-26,Refunded
194,1160,2024-03-20,Payment Failed
195,236,2024-07-11,Refunded
196,18,2022-04-05,Payment Successful
197,1448,2023-10-15,Payment Failed
198,743,2021-03-02,Payment Failed
199,684,2022-11-01,Refunded
200,944,2020-06-21,Refunded
201,431,2020-06-17,Payment Successful
202,654,2022-02-22,Payment Successful
203,392,2023-07-16,Payment Failed
204,572,2022-11-25,Payment Successful
205,423,2024-08-05,Payment Failed
206,696,2021-01-16,Payment Failed
207,38,2021-12-23,Payment Failed
208,480,2021-03-13,Payment Successful
209,484,2022-09-15,Payment Successful
210,256,2021-07-08,Refunded
211,387,2024-08-13,Refunded
212,394,2022-04-04,Payment Failed
213,293,2021-01-02,Refunded
214,1001,2020-03-14,Payment Failed
215,945,2020-04-06,Payment Successful
216,218,2020-09-20,Payment Successful
217,194,2021-11-16,Payment Successful
218,244,2022-12-30,Payment Failed
219,207,2024-06-09,Refunded
220,520,2021-05-19,Refunded
221,556,2023-06-27,Payment Failed
222,782,2023-07-22,Payment Successful
223,184,2021-03-20,Payment Failed
224,405,2020-03-20,Refunded
225,1484,2020-12-03,Payment Failed
226,1218,2021-10-10,Payment Successful
227,195,2022-07-27,Payment Failed
228,1015,2020-06-09,Payment Successful
229,492,2020-10-30,Payment Failed
230,1225,2022-03-15,Payment Successful
231,1231,2024-05-25,Payment Successful
232,640,2023-07-06,Payment Successful
233,983,2023-02-13,Refunded
234,475,2023-07-27,Refunded
235,714,2024-10-10,Refunded
236,1199,2023-10-30,Refunded
237,934,2023-05-24,Payment Successful
238,1458,2024-02-18,Refunded
239,872,2021-01-17,Refunded
240,921,2020-09-24,Payment Failed
241,908,2023-05-17,Payment Successful
242,1159,2020-07-26,Payment Successful
243,180,2020-05-03,Payment Successful
244,1224,2022-04-16,Payment Successful
245,1260,2021-04-13,Refunded
246,583,2023-02-10,Payment Failed
247,1422,2023-01-10,Payment Failed
248,229,2022-08-19,Payment Successful
249,462,2024-09-11,Refunded
250,570,2024-07-08,Refunded
251,1302,2020-09-28,Payment Successful
252,320,2020-12-28,Refunded
253,949,2022-09-19,Refunded
254,115,2020-04-17,Payment Failed
255,337,2021-01-09,Payment Successful
256,1428,2020-11-10,Payment Successful
257,1108,2021-12-27,Payment Successful
258,815,2020-12-25,Payment Successful
259,675,2023-11-02,Payment Successful
260,1384,2024-08-03,Payment Failed
261,302,2021-08-06,Payment Failed
262,1079,2021-11-16,Payment Successful
263,430,2024-03-03,Payment Failed
264,931,2023-08-17,Payment Successful
265,704,2020-11-15,Payment Successful
266,96,2022-05-28,Payment Successful
267,436,2023-01-04,Payment Successful
268,669,2022-08-10,Refunded
269,1432,2022-12-03,Payment Failed
270,1411,2021-12-25,Payment Successful
271,83,2024-08-13,Refunded
272,30,2022-12-31,Payment Successful
273,118,2023-09-15,Payment Failed
274,1227,2023-07-03,Payment Successful
275,257,2020-02-21,Refunded
276,473,2024-04-25,Refunded
277,621,2021-01-12,Payment Successful
278,1147,2022-06-23,Refunded
279,353,2022-08-10,Payment Successful
280,741,2020-10-04,Refunded
281,140,2020-11-16,Refunded
282,1310,2023-11-28,Payment Failed
283,919,2024-05-04,Payment Successful
284,1285,2022-07-20,Payment Successful
285,269,2023-04-28,Payment Failed
286,76,2023-05-13,Payment Successful
287,683,2023-08-28,Payment Successful
288,914,2023-09-25,Refunded
289,363,2022-11-01,Payment Successful
290,267,2024-10-27,Payment Failed
291,1481,2020-11-10,Payment Failed
292,464,2022-11-30,Refunded
293,275,2022-02-14,Payment Successful
294,1143,2024-06-19,Payment Successful
295,829,2023-04-18,Payment Successful
296,426,2024-09-26,Payment Failed
297,1126,2024-09-18,Payment Successful
298,355,2021-07-01,Payment Successful
299,1355,2022-01-21,Refunded
300,234,2020-01-23,Payment Successful
301,518,2022-07-31,Payment Successful
302,1268,2020-03-18,Payment Successful
303,852,2021-02-12,Payment Successful
304,881,2020-05-18,Payment Successful
305,307,2021-07-21,Payment Successful
306,215,2020-03-06,Payment Failed
307,996,2023-09-06,Payment Successful
308,991,2023-05-30,Payment Successful
309,1454,2022-03-27,Payment Successful
310,212,2022-08-11,Refunded
311,1171,2021-11-22,Refunded
312,927,2020-03-10,Refunded
313,1203,2023-05-08,Refunded
314,279,2022-12-07,Payment Failed
315,295,2024-12-03,Payment Successful
316,796,2021-06-26,Payment Successful
317,767,2022-08-13,Payment Failed
318,621,2024-01-23,Payment Successful
319,920,2021-01-23,Payment Successful
320,483,2021-02-19,Refunded
321,1010,2024-07-15,Payment Failed
322,1108,2023-02-19,Refunded
323,262,2022-10-23,Payment Successful
324,987,2023-01-13,Refunded
325,466,2023-11-24,Refunded
326,1081,2024-11-25,Payment Failed
327,1123,2023-08-11,Refunded
328,385,2020-07-03,Payment Failed
329,156,2020-06-02,Payment Successful
330,690,2022-04-21,Refunded
331,1283,2022-10-01,Payment Failed
332,486,2022-09-29,Payment Successful
333,922,2022-09-24,Payment Successful
334,887,2022-12-09,Refunded
335,1093,2021-05-14,Payment Failed
336,1312,2021-05-26,Refunded
337,1,2024-04-02,Payment Failed
338,1484,2023-04-19,Payment Failed
339,964,2022-07-18,Refunded
340,337,2023-02-09,Payment Successful
341,1045,2021-02-19,Payment Failed
342,135,2020-11-20,Refunded
343,316,2022-09-26,Payment Successful
344,981,2023-08-04,Payment Successful
345,86,2022-11-23,Payment Failed
346,1498,2020-08-12,Refunded
347,996,2022-03-25,Payment Successful
348,1018,2024-01-31,Payment Failed
349,179,2024-09-18,Payment Successful
350,1370,2020-12-25,Payment Successful
351,1145,2020-12-13,Payment Successful
352,253,2022-03-04,Payment Failed
353,1126,2022-03-22,Payment Successful
354,167,2024-06-17,Refunded
355,688,2021-11-30,Payment Failed
356,797,2023-08-09,Payment Failed
357,1042,2022-09-28,Payment Successful
358,623,2024-12-04,Payment Failed
359,1288,2021-07-11,Payment Successful
360,303,2023-01-11,Payment Failed
361,1316,2020-08-17,Payment Failed
362,1280,2020-01-11,Payment Successful
363,1352,2022-03-07,Payment Failed
364,780,2021-12-10,Payment Failed
365,794,2021-07-31,Payment Successful
366,872,2020-05-24,Payment Failed
367,28,2021-06-18,Refunded
368,1214,2023-06-18,Payment Successful
369,515,2022-03-27,Payment Successful
370,1204,2024-05-31,Payment Successful
371,813,2023-09-12,Payment Successful
372,1052,2020-04-01,Payment Successful
373,1424,2020-02-28,Refunded
374,1411,2023-11-08,Payment Successful
375,622,2020-06-16,Payment Successful
376,287,2022-03-11,Refunded
377,990,2022-08-14,Payment Successful
378,862,2023-10-24,Refunded
379,67,2020-07-20,Payment Successful
380,492,2022-09-08,Payment Failed
381,102,2021-07-23,Payment Successful
382,1023,2022-01-07,Payment Failed
383,196,2022-08-12,Payment Successful
384,640,2024-06-24,Refunded
385,99,2024-08-07,Payment Failed
386,139,2020-06-16,Refunded
387,1366,2020-12-07,Payment Successful
388,1110,2021-03-09,Payment Successful
389,1294,2023-11-30,Payment Failed
390,642,2022-12-23,Payment Failed
391,65,2023-03-13,Payment Failed
392,618,2024-11-29,Payment Failed
393,1468,2022-08-05,Payment Successful
394,843,2020-04-28,Payment Failed
395,850,2022-07-14,Payment Failed
396,876,2022-10-19,Payment Successful
397,309,2020-07-19,Refunded
398,200,2024-03-12,Payment Failed
399,1192,2023-06-09,Payment Failed
400,950,2023-02-28,Payment Successful
401,1357,2023-10-07,Refunded
402,26,2023-06-03,Payment Failed
403,311,2024-01-24,Payment Successful
404,1028,2022-07-21,Payment Successful
405,1452,2021-01-04,Refunded
406,1488,2023-07-02,Payment Successful
407,1340,2021-07-27,Payment Failed
408,852,2024-10-01,Payment Failed
409,412,2022-07-21,Payment Failed
410,582,2022-04-22,Refunded
411,1433,2020-04-24,Refunded
412,171,2021-12-19,Payment Successful
413,628,2021-06-11,Payment Failed
414,1358,2024-11-17,Payment Successful
415,50,2023-07-05,Payment Successful
416,382,2020-01-27,Payment Failed
417,873,2024-04-15,Payment Failed
418,411,2021-09-25,Refunded
419,734,2020-09-08,Refunded
420,341,2023-10-17,Refunded
421,185,2022-12-08,Refunded
422,146,2020-10-04,Payment Successful
423,561,2020-03-02,Refunded
424,725,2023-05-19,Payment Successful
425,1288,2022-02-28,Payment Successful
426,1158,2024-03-01,Refunded
427,344,2020-06-28,Payment Successful
428,1170,2022-03-20,Payment Successful
429,705,2022-10-20,Payment Failed
430,862,2023-01-12,Payment Successful
431,836,2020-08-03,Refunded
432,1086,2022-08-01,Payment Failed
433,90,2020-10-16,Payment Successful
434,50,2020-12-16,Payment Failed
435,1339,2023-03-11,Payment Failed
436,1272,2021-05-10,Payment Failed
437,891,2020-11-30,Payment Successful
438,658,2022-08-26,Payment Successful
439,239,2023-09-17,Payment Successful
440,1438,2024-08-03,Refunded
441,1458,2021-07-14,Payment Failed
442,767,2022-11-24,Payment Failed
443,992,2020-03-25,Payment Successful
444,961,2021-10-14,Payment Failed
445,1348,2021-11-07,Refunded
446,1014,2022-02-10,Payment Successful
447,55,2021-03-03,Payment Successful
448,285,2022-03-18,Payment Failed
449,1406,2020-01-20,Payment Failed
450,1060,2022-08-16,Refunded
451,468,2022-09-17,Refunded
452,644,2023-04-29,Payment Successful
453,1496,2020-08-13,Refunded
454,759,2024-03-30,Refunded
455,208,2024-10-13,Payment Failed
456,1158,2020-08-11,Refunded
457,843,2023-12-20,Payment Successful
458,58,2020-02-17,Payment Failed
459,836,2020-07-29,Refunded
460,836,2024-11-28,Payment Failed
461,1396,2024-10-14,Payment Failed
462,1346,2022-10-19,Refunded
463,431,2021-10-27,Payment Failed
464,832,2023-12-05,Payment Failed
465,890,2022-09-08,Refunded
466,1130,2024-04-27,Payment Failed
467,828,2021-06-22,Payment Failed
468,535,2021-01-17,Payment Successful
469,598,2020-02-12,Payment Failed
470,1238,2022-05-19,Payment Failed
471,1088,2021-10-12,Refunded
472,520,2022-03-31,Payment Successful
473,802,2020-03-23,Payment Successful
474,426,2020-09-02,Payment Failed
475,297,2024-10-24,Payment Successful
476,774,2023-03-25,Payment Failed
477,1233,2023-08-01,Refunded
478,976,2021-02-06,Payment Successful
479,451,2024-08-17,Payment Failed
480,224,2023-03-14,Refunded
481,1399,2020-11-20,Payment Failed
482,38,2020-06-11,Payment Failed
483,64,2021-09-25,Refunded
484,116,2020-03-05,Refunded
485,1486,2021-03-22,Payment Failed
486,117,2020-01-20,Payment Failed
487,990,2021-02-21,Payment Failed
488,902,2020-11-12,Payment Successful
489,390,2023-08-26,Payment Successful
490,254,2021-06-02,Refunded
491,383,2023-12-25,Payment Successful
492,1183,2024-08-21,Refunded
493,527,2024-09-02,Payment Successful
494,729,2022-07-25,Payment Failed
495,1041,2020-04-19,Payment Successful
496,412,2020-04-01,Payment Successful
497,223,2024-05-18,Payment Failed
498,42,2022-06-13,Refunded
499,849,2021-09-06,Refunded
500,1095,2022-10-06,Payment Failed
501,1268,2021-09-13,Refunded
502,940,2020-08-14,Payment Failed
503,1231,2020-05-14,Payment Successful
504,718,2022-01-16,Payment Successful
505,346,2024-07-11,Payment Failed
506,1217,2020-01-30,Refunded
507,253,2022-10-29,Refunded
508,425,2023-03-15,Refunded
509,340,2021-05-12,Payment Successful
510,368,2021-12-13,Refunded
511,702,2020-08-28,Payment Successful
512,804,2020-02-18,Payment Successful
513,363,2020-07-24,Payment Failed
514,877,2021-06-15,Refunded
515,1157,2022-10-19,Refunded
516,1021,2022-04-07,Refunded
517,562,2023-04-29,Payment Successful
518,907,2020-06-28,Payment Failed
519,638,2024-02-04,Payment Successful
520,882,2022-01-20,Payment Successful
521,1189,2024-02-18,Refunded
522,616,2020-11-16,Payment Failed
523,1181,2024-06-23,Payment Failed
524,1223,2021-12-16,Payment Successful
525,698,2021-04-12,Refunded
526,207,2024-07-14,Payment Failed
527,1105,2021-08-03,Refunded
528,93,2024-03-18,Refunded
529,392,2023-09-14,Payment Failed
530,42,2023-03-01,Payment Failed
531,1443,2020-03-05,Refunded
532,988,2023-02-15,Refunded
533,190,2023-10-20,Payment Successful
534,634,2020-12-05,Refunded
535,54,2021-02-22,Payment Failed
536,876,2022-04-18,Payment Failed
537,877,2021-03-16,Refunded
538,848,2022-07-20,Payment Failed
539,88,2024-08-03,Payment Successful
540,397,2024-03-04,Refunded
541,816,2022-10-05,Refunded
542,595,2024-02-13,Payment Failed
543,742,2022-10-09,Payment Failed
544,1140,2023-06-16,Payment Failed
545,611,2023-04-17,Payment Successful
546,767,2023-07-31,Payment Successful
547,4,2022-08-14,Payment Successful
548,1483,2023-12-18,Refunded
549,393,2021-12-06,Payment Failed
550,1209,2023-04-09,Payment Failed
551,234,2021-04-30,Refunded
552,431,2022-05-23,Payment Successful
553,1253,2020-08-16,Payment Failed
554,1382,2022-05-30,Payment Failed
555,389,2021-07-19,Payment Failed
556,993,2020-03-06,Payment Failed
557,1207,2024-07-26,Refunded
558,407,2022-10-16,Payment Successful
559,412,2023-04-28,Payment Failed
560,1147,2024-04-25,Payment Successful
561,1242,2023-06-02,Payment Failed
562,935,2021-05-17,Payment Successful
563,1081,2023-02-12,Payment Successful
564,972,2024-02-10,Payment Successful
565,9,2023-10-28,Payment Failed
566,1103,2023-10-05,Payment Successful
567,3,2020-04-10,Payment Failed
568,1268,2023-03-06,Refunded
569,1417,2023-05-10,Payment Successful
570,1070,2020-07-23,Payment Successful
571,714,2021-07-07,Refunded
572,410,2021-09-03,Payment Failed
573,52,2022-06-08,Payment Successful
574,707,2022-04-08,Payment Failed
575,1039,2023-06-20,Payment Successful
576,438,2021-12-23,Payment Failed
577,1358,2021-03-22,Payment Failed
578,1198,2024-01-02,Payment Successful
579,976,2024-09-28,Payment Successful
580,499,2023-04-28,Payment Successful
581,1483,2020-10-12,Refunded
582,1117,2023-01-09,Payment Failed
583,582,2023-05-25,Payment Successful
584,1425,2023-05-14,Refunded
585,1440,2020-08-27,Refunded
586,170,2021-10-18,Payment Successful
587,564,2020-12-02,Refunded
588,1187,2024-09-12,Refunded
589,218,2021-12-06,Refunded
590,23,2020-08-10,Payment Failed
591,503,2024-07-04,Refunded
592,787,2020-06-25,Refunded
593,1296,2022-10-05,Refunded
594,296,2023-12-13,Refunded
595,16,2022-10-13,Payment Failed
596,122,2021-01-02,Payment Successful
597,1259,2023-05-07,Payment Failed
598,36,2024-07-22,Payment Successful
599,1330,2020-05-07,Refunded
600,1500,2024-06-13,Refunded
601,734,2021-04-15,Payment Successful
602,1102,2022-05-03,Payment Failed
603,383,2023-11-22,Refunded
604,168,2020-07-12,Payment Failed
605,297,2023-04-24,Payment Successful
606,724,2024-03-22,Payment Failed
607,1338,2020-11-06,Refunded
608,703,2023-12-23,Refunded
609,195,2022-05-17,Payment Successful
610,133,2020-07-19,Refunded
611,619,2023-12-22,Payment Failed
612,480,2022-07-15,Payment Failed
613,1488,2023-01-01,Payment Successful
614,1312,2023-09-06,Refunded
615,129,2024-07-07,Refunded
616,736,2022-04-18,Payment Failed
617,720,2021-04-10,Payment Successful
618,372,2023-12-29,Payment Successful
619,1272,2023-10-31,Refunded
620,932,2024-09-09,Payment Successful
621,469,2023-10-03,Payment Failed
622,288,2024-05-24,Payment Failed
623,953,2021-08-08,Payment Failed
624,1283,2021-11-13,Refunded
625,1042,2020-10-06,Payment Successful
626,1357,2020-04-07,Refunded
627,741,2022-05-18,Payment Successful
628,810,2021-09-15,Refunded
629,84,2022-11-10,Payment Failed
630,216,2022-05-04,Payment Successful
631,847,2020-02-06,Payment Successful
632,1121,2023-11-25,Payment Successful
633,1419,2020-11-09,Payment Failed
634,1309,2022-10-31,Refunded
635,1316,2021-09-28,Payment Successful
636,456,2024-09-05,Refunded
637,1364,2021-06-08,Payment Successful
638,1420,2024-03-22,Payment Failed
639,1309,2023-08-07,Payment Successful
640,370,2022-01-10,Refunded
641,110,2022-07-04,Refunded
642,794,2021-06-19,Refunded
643,1031,2023-12-06,Refunded
644,764,2021-02-01,Refunded
645,1090,2022-10-14,Refunded
646,210,2021-12-27,Refunded
647,807,2021-11-04,Refunded
648,356,2023-04-28,Refunded
649,843,2021-11-08,Refunded
650,165,2021-04-24,Payment Successful
651,534,2022-01-01,Refunded
652,713,2023-03-28,Refunded
653,1420,2022-05-17,Refunded
654,858,2020-06-20,Payment Successful
655,303,2023-03-22,Payment Successful
656,401,2023-07-30,Refunded
657,76,2020-10-19,Payment Successful
658,246,2023-11-14,Payment Successful
659,1448,2020-03-20,Refunded
660,1156,2024-02-27,Payment Failed
661,262,2022-10-30,Payment Successful
662,385,2020-07-05,Payment Successful
663,825,2024-11-10,Refunded
664,103,2023-01-27,Payment Failed
665,25,2020-01-12,Payment Failed
666,260,2023-06-01,Payment Failed
667,535,2023-10-16,Payment Failed
668,293,2024-01-24,Payment Successful
669,958,2021-02-06,Payment Successful
670,1430,2021-07-01,Payment Failed
671,1080,2022-08-24,Refunded
672,442,2022-06-16,Payment Successful
673,848,2021-10-29,Refunded
674,650,2021-11-01,Payment Successful
675,545,2022-09-23,Refunded
676,276,2023-08-26,Refunded
677,1472,2020-02-13,Refunded
678,1019,2024-06-21,Payment Successful
679,970,2020-04-15,Payment Failed
680,433,2022-04-04,Refunded
681,1239,2020-01-07,Refunded
682,1114,2021-02-04,Payment Failed
683,755,2024-06-30,Payment Failed
684,490,2024-11-17,Payment Failed
685,575,2023-07-27,Refunded
686,1237,2022-02-14,Refunded
687,507,2021-10-11,Refunded
688,669,2021-02-10,Payment Successful
689,1435,2021-03-20,Payment Successful
690,732,2020-07-26,Refunded
691,1442,2020-04-30,Payment Failed
692,951,2020-11-19,Payment Successful
693,1465,2024-02-17,Refunded
694,1191,2022-11-13,Refunded
695,1313,2021-10-07,Payment Successful
696,1038,2022-10-20,Refunded
697,352,2024-08-12,Payment Successful
698,376,2023-12-11,Payment Successful
699,871,2023-02-11,Payment Successful
700,1140,2024-03-19,Refunded
701,1302,2023-10-03,Payment Successful
702,1188,2022-05-17,Refunded
703,1188,2020-09-29,Payment Failed
704,309,2022-07-13,Refunded
705,1034,2020-06-08,Payment Failed
706,690,2022-12-16,Refunded
707,76,2024-03-13,Payment Successful
708,16,2024-06-17,Payment Successful
709,724,2020-05-07,Payment Failed
710,631,2024-01-11,Refunded
711,1135,2022-05-19,Payment Failed
712,957,2021-05-31,Payment Successful
713,1473,2021-12-10,Payment Failed
714,250,2024-03-30,Payment Successful
715,306,2023-07-24,Payment Successful
716,1208,2023-11-18,Refunded
717,36,2023-03-25,Refunded
718,162,2022-05-01,Payment Successful
719,496,2021-05-17,Refunded
720,332,2023-04-10,Payment Failed
721,638,2023-05-04,Payment Successful
722,478,2023-05-23,Refunded
723,758,2024-11-19,Payment Failed
724,224,2020-07-30,Payment Successful
725,181,2023-11-11,Payment Failed
726,1211,2022-07-18,Payment Failed
727,1068,2020-06-28,Refunded
728,715,2024-10-16,Payment Successful
729,107,2020-07-05,Payment Successful
730,1491,2021-10-25,Payment Successful
731,265,2022-07-27,Payment Failed
732,1334,2024-08-15,Payment Successful
733,424,2021-02-13,Payment Successful
734,1478,2024-07-01,Refunded
735,311,2021-01-15,Payment Failed
736,1349,2024-02-28,Refunded
737,267,2020-07-28,Payment Successful
738,839,2023-11-08,Payment Successful
739,1216,2022-11-01,Refunded
740,1192,2020-06-08,Payment Successful
741,1102,2022-03-08,Payment Failed
742,372,2021-01-01,Payment Successful
743,531,2022-07-26,Refunded
744,1044,2021-02-28,Payment Successful
745,1145,2022-01-12,Payment Successful
746,792,2023-08-30,Payment Successful
747,523,2022-03-28,Payment Successful
748,323,2020-11-05,Payment Successful
749,376,2023-05-29,Payment Successful
750,75,2021-11-08,Payment Failed
751,760,2021-08-03,Payment Successful
752,518,2022-07-05,Refunded
753,915,2024-05-24,Payment Failed
754,665,2022-12-15,Refunded
755,44,2020-11-01,Refunded
756,1340,2022-12-02,Payment Successful
757,1496,2024-01-29,Payment Successful
758,15,2024-02-27,Payment Failed
759,1042,2022-11-04,Refunded
760,1199,2023-05-14,Refunded
761,842,2021-05-13,Payment Successful
762,274,2022-01-23,Refunded
763,1106,2022-04-08,Payment Successful
764,1007,2022-12-06,Payment Failed
765,1494,2020-07-22,Payment Successful
766,165,2021-01-17,Payment Failed
767,577,2023-10-01,Refunded
768,245,2020-02-16,Payment Failed
769,129,2023-12-16,Refunded
770,125,2024-11-11,Refunded
771,75,2022-02-21,Payment Successful
772,117,2021-10-23,Payment Successful
773,1172,2024-08-06,Refunded
774,510,2024-02-25,Payment Failed
775,1054,2024-08-18,Refunded
776,767,2020-09-17,Payment Successful
777,837,2023-09-20,Payment Failed
778,57,2024-11-29,Payment Successful
779,735,2023-07-09,Payment Failed
780,666,2022-12-06,Payment Successful
781,326,2022-01-02,Payment Successful
782,139,2022-11-13,Payment Successful
783,646,2023-08-25,Refunded
784,462,2020-03-08,Refunded
785,131,2022-06-12,Payment Failed
786,1113,2022-10-22,Refunded
787,1412,2020-10-08,Payment Failed
788,385,2023-09-07,Refunded
789,1199,2022-01-28,Payment Successful
790,431,2022-06-13,Refunded
791,806,2021-07-06,Payment Failed
792,406,2020-10-31,Payment Successful
793,1361,2021-03-31,Payment Successful
794,722,2024-01-30,Payment Failed
795,1194,2022-03-23,Refunded
796,327,2021-08-07,Payment Successful
797,782,2022-08-02,Payment Successful
798,871,2023-12-14,Payment Failed
799,1386,2020-09-23,Payment Failed
800,1040,2020-06-18,Payment Failed
801,1195,2021-11-12,Payment Failed
802,822,2023-10-16,Payment Failed
803,760,2023-05-07,Payment Successful
804,1293,2021-03-01,Refunded
805,494,2021-02-14,Payment Failed
806,1396,2024-11-16,Payment Failed
807,455,2020-02-01,Payment Failed
808,737,2024-11-20,Refunded
809,638,2020-01-19,Payment Successful
810,337,2020-06-04,Payment Successful
811,32,2022-12-10,Payment Successful
812,22,2023-03-26,Payment Successful
813,440,2020-02-10,Payment Failed
814,219,2021-02-20,Refunded
815,606,2023-02-15,Payment Failed
816,1245,2020-07-19,Refunded
817,78,2024-10-08,Payment Successful
818,292,2020-05-13,Refunded
819,304,2022-08-27,Payment Failed
820,1232,2023-02-04,Payment Failed
821,964,2024-08-11,Payment Successful
822,563,2023-02-08,Refunded
823,1227,2020-10-13,Payment Failed
824,1351,2022-06-05,Refunded
825,581,2020-02-26,Refunded
826,921,2021-11-09,Refunded
827,42,2022-01-10,Payment Successful
828,1025,2020-07-08,Refunded
829,1070,2024-10-24,Payment Successful
830,663,2023-03-30,Payment Failed
831,1434,2022-04-16,Payment Failed
832,631,2024-05-21,Refunded
833,768,2020-05-12,Payment Successful
834,387,2023-11-01,Payment Successful
835,1005,2023-07-26,Refunded
836,879,2024-10-14,Payment Successful
837,682,2020-07-09,Payment Successful
838,234,2023-10-25,Payment Failed
839,390,2022-02-05,Refunded
840,455,2021-12-14,Payment Successful
841,1459,2022-01-17,Refunded
842,714,2021-11-03,Refunded
843,1027,2020-08-27,Payment Failed
844,343,2024-04-14,Payment Failed
845,751,2024-07-01,Refunded
846,1370,2022-04-30,Payment Successful
847,326,2024-06-05,Payment Failed
848,778,2023-07-11,Payment Successful
849,697,2024-07-25,Payment Failed
850,1497,2020-05-18,Payment Failed
851,2,2024-11-15,Refunded
852,542,2023-04-12,Payment Failed
853,47,2022-10-10,Payment Successful
854,1366,2023-12-01,Payment Failed
855,1223,2023-11-10,Refunded
856,1249,2020-06-01,Refunded
857,1234,2022-05-04,Payment Failed
858,1124,2023-03-10,Payment Successful
859,614,2023-06-22,Refunded
860,23,2022-06-05,Payment Failed
861,1038,2020-02-07,Payment Failed
862,1161,2022-12-04,Payment Failed
863,492,2023-03-01,Payment Failed
864,622,2024-01-27,Payment Successful
865,149,2022-08-02,Payment Failed
866,869,2021-08-06,Payment Successful
867,1463,2023-10-06,Payment Failed
868,696,2023-11-23,Refunded
869,1252,2024-08-02,Refunded
870,592,2021-12-26,Payment Failed
871,1224,2024-02-02,Refunded
872,253,2023-01-10,Payment Successful
873,1064,2021-07-16,Refunded
874,267,2020-12-18,Payment Failed
875,809,2024-07-14,Payment Successful
876,1338,2020-12-28,Payment Failed
877,1472,2021-03-30,Refunded
878,215,2022-09-23,Payment Failed
879,684,2020-04-01,Payment Failed
880,1321,2021-05-07,Payment Successful
881,322,2022-02-12,Refunded
882,1422,2022-01-07,Payment Successful
883,542,2022-12-22,Refunded
884,1335,2023-11-01,Refunded
885,126,2023-10-21,Payment Successful
886,81,2024-02-07,Payment Failed
887,1042,2021-04-25,Refunded
888,614,2024-05-28,Payment Failed
889,822,2023-07-25,Payment Failed
890,37,2024-03-15,Payment Failed
891,461,2020-03-30,Payment Successful
892,636,2020-04-03,Payment Failed
893,205,2024-08-23,Payment Successful
894,732,2021-01-20,Refunded
895,1214,2023-05-07,Payment Failed
896,647,2021-11-29,Payment Successful
897,1293,2023-07-11,Payment Failed
898,1324,2022-12-31,Payment Failed
899,881,2021-06-06,Payment Successful
900,803,2023-03-01,Refunded
901,1368,2021-09-12,Refunded
902,448,2022-07-22,Refunded
903,734,2020-10-02,Payment Failed
904,527,2022-07-04,Refunded
905,1240,2023-07-29,Payment Failed
906,94,2020-08-05,Payment Failed
907,100,2020-02-04,Refunded
908,1468,2024-03-12,Payment Successful
909,728,2021-03-30,Payment Failed
910,120,2023-07-15,Payment Successful
911,685,2024-04-05,Refunded
912,1457,2021-06-23,Payment Successful
913,577,2022-04-07,Refunded
914,1451,2024-02-01,Payment Failed
915,810,2022-03-16,Payment Failed
916,312,2021-02-09,Payment Failed
917,199,2022-11-01,Payment Successful
918,45,2021-12-14,Refunded
919,1387,2023-03-21,Payment Failed
920,734,2021-01-27,Payment Failed
921,1367,2021-01-21,Refunded
922,1080,2020-04-20,Payment Failed
923,1015,2024-09-16,Payment Successful
924,932,2020-11-28,Refunded
925,1373,2022-09-26,Payment Successful
926,1493,2024-04-22,Refunded
927,83,2023-03-24,Payment Successful
928,1163,2021-08-31,Payment Failed
929,63,2023-07-15,Payment Failed
930,1183,2023-07-14,Payment Successful
931,961,2020-04-23,Payment Successful
932,967,2022-01-13,Payment Failed
933,247,2024-10-29,Payment Failed
934,179,2020-07-22,Refunded
935,185,2023-03-23,Payment Successful
936,1127,2020-06-28,Payment Successful
937,339,2022-01-20,Payment Failed
938,1082,2020-03-21,Refunded
939,1414,2023-01-20,Payment Failed
940,308,2024-08-26,Payment Failed
941,1416,2020-02-11,Payment Failed
942,1490,2024-06-13,Payment Successful
943,1271,2023-07-01,Payment Failed
944,529,2020-06-03,Payment Failed
945,175,2021-09-20,Payment Failed
946,1313,2022-12-15,Payment Failed
947,118,2023-04-08,Refunded
948,283,2022-09-04,Refunded
949,994,2023-10-18,Refunded
950,465,2021-10-14,Refunded
951,1295,2021-03-08,Payment Successful
952,795,2020-10-28,Payment Successful
953,557,2021-01-29,Refunded
954,1298,2024-03-14,Refunded
955,1426,2021-05-28,Payment Failed
956,804,2023-12-09,Refunded
957,414,2024-01-25,Refunded
958,56,2020-03-06,Refunded
959,1436,2022-05-10,Refunded
960,613,2020-09-18,Payment Failed
961,863,2021-10-03,Payment Failed
962,573,2021-02-24,Payment Failed
963,298,2024-05-15,Payment Failed
964,83,2022-01-29,Payment Successful
965,512,2020-03-15,Refunded
966,619,2024-06-19,Payment Successful
967,516,2020-09-27,Payment Failed
968,994,2022-01-15,Payment Failed
969,414,2022-05-07,Payment Failed
970,1461,2023-08-09,Payment Failed
971,327,2023-09-25,Payment Successful
972,1165,2024-06-24,Refunded
973,677,2024-08-01,Refunded
974,717,2022-11-30,Refunded
975,732,2020-07-18,Refunded
976,764,2022-05-04,Payment Failed
977,869,2020-04-21,Refunded
978,281,2020-06-04,Payment Successful
979,319,2023-11-29,Payment Successful
980,682,2024-05-20,Payment Successful
981,1323,2022-05-16,Payment Failed
982,1419,2024-09-07,Refunded
983,1128,2022-04-27,Payment Failed
984,279,2021-02-06,Refunded
985,851,2020-06-07,Refunded
986,243,2023-05-25,Refunded
987,217,2020-09-19,Refunded
988,1243,2022-04-26,Payment Successful
989,34,2024-10-21,Payment Successful
990,507,2021-03-09,Payment Failed
991,242,2020-10-08,Refunded
992,562,2023-07-27,Payment Failed
993,835,2020-08-01,Refunded
994,1211,2022-03-25,Payment Failed
995,919,2022-11-12,Refunded
996,824,2021-10-30,Payment Failed
997,743,2024-07-10,Payment Failed
998,1481,2023-10-15,Payment Failed
999,605,2021-12-10,Refunded
1000,458,2020-11-17,Payment Successful
1001,592,2020-08-25,Payment Failed
1002,172,2020-10-26,Payment Failed
1003,92,2021-05-13,Payment Failed
1004,483,2022-07-11,Payment Successful
1005,1335,2023-04-30,Payment Successful
1006,1298,2024-01-22,Payment Successful
1007,1275,2020-12-02,Refunded
1008,440,2024-02-19,Refunded
1009,128,2021-03-18,Refunded
1010,388,2022-07-26,Payment Successful
1011,314,2022-12-20,Payment Failed
1012,249,2021-09-24,Payment Successful
1013,1200,2024-07-19,Refunded
1014,1066,2021-01-06,Refunded
1015,120,2024-04-05,Payment Failed
1016,767,2024-05-01,Refunded
1017,719,2021-02-13,Payment Successful
1018,88,2021-09-12,Refunded
1019,1368,2020-08-04,Payment Successful
1020,577,2020-04-10,Refunded
1021,699,2021-11-14,Payment Failed
1022,1096,2020-09-22,Payment Successful
1023,627,2024-10-08,Refunded
1024,207,2021-12-08,Payment Failed
1025,379,2021-03-10,Payment Failed
1026,1205,2024-05-17,Payment Successful
1027,773,2023-06-06,Refunded
1028,1499,2022-12-19,Refunded
1029,413,2023-09-14,Payment Successful
1030,1068,2024-02-24,Payment Successful
1031,1461,2022-02-09,Payment Failed
1032,81,2020-12-20,Payment Successful
1033,224,2021-03-03,Payment Successful
1034,1171,2022-11-28,Payment Failed
1035,1441,2020-11-13,Payment Failed
1036,1408,2024-06-05,Refunded
1037,831,2024-04-08,Payment Failed
1038,288,2023-08-26,Refunded
1039,944,2023-10-04,Payment Failed
1040,367,2021-03-28,Refunded
1041,397,2020-12-09,Payment Successful
1042,1292,2023-12-16,Payment Failed
1043,895,2022-03-24,Payment Failed
1044,289,2020-06-29,Payment Failed
1045,86,2022-08-30,Payment Failed
1046,1024,2022-09-11,Payment Successful
1047,1293,2023-12-16,Payment Successful
1048,1113,2022-11-22,Refunded
1049,1239,2023-10-06,Payment Failed
1050,297,2020-07-12,Refunded
1051,782,2020-12-06,Refunded
1052,672,2022-01-23,Refunded
1053,1455,2020-11-07,Payment Successful
1054,673,2020-09-26,Payment Failed
1055,1268,2022-09-22,Payment Failed
1056,268,2024-03-06,Payment Successful
1057,580,2021-01-02,Payment Successful
1058,539,2021-09-17,Payment Successful
1059,932,2021-11-19,Refunded
1060,960,2022-03-31,Refunded
1061,767,2022-01-27,Payment Failed
1062,340,2021-03-26,Refunded
1063,931,2021-03-03,Payment Failed
1064,1446,2022-10-04,Payment Successful
1065,859,2023-08-08,Payment Failed
1066,1323,2020-12-18,Refunded
1067,1341,2021-06-16,Payment Failed
1068,1006,2023-08-16,Refunded
1069,781,2023-01-22,Payment Failed
1070,1310,2022-01-15,Payment Successful
1071,951,2023-07-25,Refunded
1072,36,2020-06-13,Refunded
1073,1434,2022-08-29,Refunded
1074,7,2020-06-17,Refunded
1075,1389,2022-11-03,Payment Failed
1076,1473,2021-09-04,Payment Failed
1077,1393,2024-09-27,Refunded
1078,939,2023-02-20,Refunded
1079,1311,2022-09-14,Payment Successful
1080,1241,2020-05-16,Refunded
1081,194,2020-06-16,Payment Successful
1082,241,2022-04-06,Refunded
1083,152,2023-05-29,Payment Successful
1084,1463,2020-02-04,Refunded
1085,340,2023-10-15,Refunded
1086,1149,2022-12-18,Payment Failed
1087,139,2022-11-08,Refunded
1088,1410,2021-09-09,Payment Successful
1089,1464,2022-09-19,Payment Successful
1090,744,2024-07-07,Payment Successful
1091,445,2023-08-21,Refunded
1092,645,2021-01-09,Refunded
1093,364,2024-08-19,Refunded
1094,825,2020-01-27,Payment Failed
1095,1363,2021-02-24,Payment Failed
1096,1349,2020-11-16,Payment Successful
1097,789,2020-11-17,Refunded
1098,695,2022-05-20,Refunded
1099,1396,2020-06-21,Refunded
1100,1020,2023-03-07,Payment Successful
1101,451,2023-03-07,Payment Successful
1102,1198,2023-04-01,Refunded
1103,299,2022-10-21,Payment Successful
1104,1188,2021-05-28,Refunded
1105,1450,2022-04-03,Payment Successful
1106,349,2022-09-14,Payment Successful
1107,871,2023-06-28,Payment Successful
1108,1172,2024-03-17,Refunded
1109,253,2024-10-11,Payment Successful
1110,1147,2023-12-09,Payment Successful
1111,1051,2021-01-16,Payment Successful
1112,699,2020-04-28,Refunded
1113,766,2024-03-14,Payment Successful
1114,400,2020-01-23,Payment Successful
1115,1430,2024-04-25,Payment Failed
1116,549,2022-01-16,Payment Successful
1117,91,2023-01-09,Refunded
1118,397,2024-10-01,Payment Failed
1119,100,2023-05-15,Refunded
1120,184,2022-08-10,Payment Successful
1121,1357,2022-11-02,Payment Failed
1122,1037,2021-12-11,Payment Successful
1123,1111,2020-06-21,Payment Successful
1124,907,2024-04-21,Refunded
1125,175,2024-10-02,Refunded
1126,60,2024-01-21,Payment Failed
1127,1429,2023-02-19,Refunded
1128,882,2023-05-13,Payment Failed
1129,1141,2023-06-11,Payment Failed
1130,1162,2022-12-04,Payment Successful
1131,105,2023-12-08,Payment Successful
1132,596,2020-07-27,Payment Failed
1133,252,2020-12-23,Payment Successful
1134,895,2022-07-20,Refunded
1135,370,2024-08-08,Refunded
1136,1483,2023-09-09,Refunded
1137,1441,2024-03-18,Refunded
1138,321,2022-08-13,Payment Successful
1139,989,2021-01-06,Payment Failed
1140,1223,2022-12-09,Refunded
1141,150,2021-12-07,Payment Failed
1142,960,2020-02-04,Payment Successful
1143,1238,2020-08-29,Payment Failed
1144,492,2022-07-01,Payment Failed
1145,1282,2022-12-14,Payment Failed
1146,1494,2022-06-08,Refunded
1147,692,2023-08-04,Refunded
1148,910,2023-12-29,Refunded
1149,1407,2023-10-01,Refunded
1150,1329,2022-06-28,Payment Successful
1151,5,2022-04-11,Refunded
1152,1168,2023-01-31,Refunded
1153,590,2021-04-22,Refunded
1154,1429,2022-05-11,Refunded
1155,1291,2022-07-30,Payment Failed
1156,1430,2022-12-15,Payment Failed
1157,1135,2021-06-29,Refunded
1158,1263,2023-03-03,Payment Successful
1159,1306,2021-11-30,Refunded
1160,555,2022-06-30,Payment Failed
1161,1261,2020-03-05,Payment Failed
1162,1476,2022-08-21,Refunded
1163,236,2024-01-29,Payment Failed
1164,163,2023-07-14,Refunded
1165,432,2020-12-17,Payment Successful
1166,235,2021-04-27,Payment Failed
1167,225,2024-11-14,Payment Failed
1168,999,2020-02-29,Payment Successful
1169,1020,2021-10-08,Payment Failed
1170,66,2020-06-01,Payment Failed
1171,1046,2021-05-18,Payment Successful
1172,902,2024-08-02,Refunded
1173,1494,2023-08-18,Payment Failed
1174,1091,2021-09-05,Payment Successful
1175,290,2020-05-15,Payment Successful
1176,244,2020-04-10,Payment Failed
1177,1335,2024-11-27,Payment Successful
1178,134,2024-04-11,Refunded
1179,1122,2020-09-08,Payment Successful
1180,608,2021-04-02,Payment Successful
1181,928,2020-03-19,Payment Successful
1182,1215,2021-01-22,Refunded
1183,786,2024-10-05,Refunded
1184,517,2020-04-24,Refunded
1185,788,2023-05-07,Payment Failed
1186,1075,2021-10-10,Refunded
1187,1486,2023-09-28,Payment Failed
1188,1086,2024-03-26,Refunded
1189,369,2022-02-07,Refunded
1190,1234,2024-09-03,Payment Successful
1191,260,2022-12-24,Payment Successful
1192,1116,2021-10-31,Refunded
1193,164,2021-08-25,Refunded
1194,1249,2022-11-24,Refunded
1195,877,2022-06-15,Payment Successful
1196,610,2024-04-11,Payment Failed
1197,1226,2022-02-16,Refunded
1198,208,2023-05-21,Refunded
1199,461,2020-12-07,Refunded
1200,632,2020-11-09,Payment Successful
1201,1402,2024-09-28,Payment Successful
1202,790,2023-06-22,Refunded
1203,969,2021-04-15,Refunded
1204,1001,2023-03-13,Payment Failed
1205,841,2023-03-04,Payment Successful
1206,885,2023-08-03,Payment Successful
1207,868,2024-08-04,Refunded
1208,970,2021-07-10,Refunded
1209,403,2022-12-23,Payment Failed
1210,1296,2022-01-06,Payment Successful
1211,1286,2022-06-10,Payment Failed
1212,994,2023-02-28,Payment Failed
1213,385,2022-03-21,Payment Failed
1214,460,2020-03-11,Refunded
1215,177,2022-06-15,Refunded
1216,1051,2024-07-15,Payment Failed
1217,1357,2021-11-08,Payment Successful
1218,467,2022-03-28,Payment Successful
1219,1354,2023-01-21,Payment Successful
1220,351,2022-05-21,Refunded
1221,736,2020-10-02,Refunded
1222,632,2024-11-22,Refunded
1223,1045,2021-11-12,Payment Successful
1224,698,2021-06-20,Refunded
1225,300,2023-05-29,Payment Successful
1226,20,2024-10-30,Payment Failed
1227,647,2021-03-29,Refunded
1228,683,2022-06-13,Refunded
1229,1500,2024-01-10,Refunded
1230,164,2022-10-15,Refunded
1231,169,2022-08-05,Payment Failed
1232,227,2020-04-28,Payment Failed
1233,331,2021-07-24,Payment Failed
1234,785,2024-06-12,Refunded
1235,1500,2024-04-02,Payment Failed
1236,1005,2023-03-15,Payment Failed
1237,222,2024-07-19,Refunded
1238,256,2020-09-10,Payment Failed
1239,1446,2024-10-11,Payment Successful
1240,600,2024-02-27,Payment Failed
1241,393,2021-09-12,Payment Successful
1242,1418,2020-08-27,Payment Successful
1243,1291,2024-10-02,Payment Successful
1244,1312,2021-06-03,Payment Failed
1245,1419,2023-08-01,Payment Failed
1246,867,2022-04-23,Payment Failed
1247,97,2023-05-30,Payment Successful
1248,1063,2021-03-09,Refunded
1249,741,2023-10-04,Payment Failed
1250,802,2020-06-12,Refunded
1251,1133,2021-12-29,Refunded
1252,48,2023-04-28,Payment Failed
1253,221,2024-02-28,Refunded
1254,1325,2022-04-21,Refunded
1255,1026,2023-12-12,Payment Failed
1256,1197,2021-08-03,Refunded
1257,436,2021-07-29,Payment Successful
1258,393,2023-01-28,Payment Successful
1259,1236,2023-04-24,Refunded
1260,1124,2022-11-30,Payment Failed
1261,957,2023-12-16,Payment Successful
1262,1483,2022-05-07,Refunded
1263,686,2021-03-14,Refunded
1264,1059,2022-05-31,Refunded
1265,971,2023-02-27,Refunded
1266,402,2022-12-01,Payment Failed
1267,1169,2021-07-07,Refunded
1268,406,2022-04-02,Payment Successful
1269,1300,2020-03-11,Payment Failed
1270,304,2022-03-01,Payment Failed
1271,1038,2020-11-14,Refunded
1272,1350,2023-12-03,Refunded
1273,1322,2021-06-26,Payment Successful
1274,637,2020-06-27,Refunded
1275,970,2024-06-20,Payment Failed
1276,1304,2020-07-09,Payment Successful
1277,333,2023-05-21,Payment Failed
1278,573,2020-03-18,Payment Successful
1279,943,2022-08-12,Payment Successful
1280,641,2020-11-03,Payment Successful
1281,717,2022-04-21,Refunded
1282,652,2022-03-06,Payment Successful
1283,1283,2024-08-31,Refunded
1284,176,2023-03-02,Payment Successful
1285,503,2023-02-03,Payment Successful
1286,328,2023-03-07,Payment Successful
1287,943,2024-09-11,Payment Successful
1288,1481,2023-05-27,Payment Failed
1289,1374,2022-05-12,Refunded
1290,1074,2024-06-02,Payment Failed
1291,1348,2020-02-06,Payment Failed
1292,572,2022-06-07,Payment Failed
1293,1126,2023-10-26,Payment Successful
1294,301,2020-09-08,Refunded
1295,1345,2023-07-02,Payment Failed
1296,229,2023-12-22,Payment Failed
1297,341,2021-01-11,Payment Successful
1298,596,2024-01-01,Payment Failed
1299,1328,2024-04-29,Payment Successful
1300,279,2023-03-10,Payment Successful
1301,1190,2021-12-27,Refunded
1302,1493,2022-12-14,Refunded
1303,90,2020-11-17,Payment Successful
1304,1183,2020-12-30,Payment Failed
1305,1050,2023-02-04,Refunded
1306,269,2021-04-11,Refunded
1307,1109,2022-09-08,Payment Failed
1308,1199,2024-10-29,Payment Failed
1309,40,2024-09-18,Refunded
1310,1363,2023-03-15,Payment Successful
1311,910,2021-08-09,Refunded
1312,1216,2022-02-17,Payment Failed
1313,402,2024-12-02,Payment Failed
1314,1305,2024-05-07,Payment Successful
1315,1485,2020-03-21,Payment Successful
1316,1057,2023-05-20,Payment Successful
1317,193,2021-01-13,Refunded
1318,681,2022-05-19,Refunded
1319,40,2022-10-09,Refunded
1320,203,2021-05-28,Refunded
1321,434,2021-10-21,Payment Successful
1322,680,2024-01-29,Payment Failed
1323,1024,2022-07-24,Payment Successful
1324,688,2023-06-29,Payment Successful
1325,463,2022-11-26,Payment Failed
1326,69,2024-08-06,Payment Failed
1327,1379,2022-10-07,Payment Failed
1328,119,2020-07-22,Payment Failed
1329,136,2020-05-20,Refunded
1330,1290,2024-04-18,Refunded
1331,951,2024-05-20,Payment Successful
1332,978,2021-12-17,Refunded
1333,1143,2022-09-17,Payment Failed
1334,306,2023-07-24,Payment Failed
1335,638,2022-12-17,Refunded
1336,487,2020-03-11,Payment Successful
1337,532,2024-10-30,Refunded
1338,503,2024-09-28,Payment Successful
1339,745,2021-02-24,Payment Failed
1340,912,2023-06-09,Payment Failed
1341,88,2020-07-13,Refunded
1342,1189,2020-12-18,Payment Successful
1343,863,2023-09-22,Payment Successful
1344,951,2024-02-25,Payment Failed
1345,754,2020-01-04,Payment Failed
1346,274,2021-09-14,Payment Successful
1347,1323,2024-11-01,Refunded
1348,1364,2022-03-03,Payment Failed
1349,1436,2023-10-14,Payment Successful
1350,593,2020-10-27,Refunded
1351,63,2021-06-19,Payment Failed
1352,96,2023-11-23,Refunded
1353,239,2023-08-17,Refunded
1354,1293,2024-02-05,Refunded
1355,67,2021-03-20,Payment Successful
1356,235,2024-03-29,Refunded
1357,821,2021-07-23,Payment Failed
1358,1442,2021-03-01,Payment Failed
1359,296,2022-11-08,Payment Successful
1360,661,2020-06-12,Refunded
1361,1221,2023-10-30,Payment Successful
1362,222,2020-03-30,Refunded
1363,1040,2020-11-15,Payment Failed
1364,1479,2020-01-09,Refunded
1365,960,2021-03-04,Refunded
1366,1064,2024-06-27,Refunded
1367,910,2024-09-14,Refunded
1368,715,2024-09-10,Payment Failed
1369,766,2020-12-15,Payment Failed
1370,1400,2023-03-27,Refunded
1371,218,2023-12-03,Payment Failed
1372,260,2022-07-04,Payment Failed
1373,1005,2023-01-20,Payment Successful
1374,884,2023-08-26,Payment Failed
1375,1075,2023-10-26,Payment Failed
1376,824,2020-10-15,Payment Successful
1377,1329,2021-03-29,Payment Successful
1378,1442,2023-03-27,Payment Failed
1379,785,2021-10-30,Payment Successful
1380,111,2023-04-05,Refunded
1381,1177,2024-06-17,Payment Failed
1382,667,2021-06-17,Payment Failed
1383,1077,2020-10-06,Refunded
1384,176,2023-07-06,Payment Failed
1385,414,2020-08-11,Payment Successful
1386,787,2020-12-04,Payment Failed
1387,884,2020-05-28,Refunded
1388,345,2024-03-19,Payment Failed
1389,1076,2020-04-27,Payment Successful
1390,142,2021-02-27,Refunded
1391,471,2023-10-16,Payment Successful
1392,17,2020-02-25,Payment Successful
1393,774,2024-10-20,Payment Failed
1394,410,2023-09-20,Payment Failed
1395,748,2020-05-27,Payment Failed
1396,568,2022-03-12,Payment Successful
1397,985,2022-04-23,Refunded
1398,1041,2024-07-31,Payment Failed
1399,89,2023-07-09,Refunded
1400,836,2020-08-24,Payment Failed
1401,18,2021-05-07,Payment Successful
1402,201,2024-02-25,Payment Failed
1403,1385,2023-08-12,Refunded
1404,274,2022-06-10,Refunded
1405,440,2022-09-01,Payment Successful
1406,396,2021-03-30,Refunded
1407,934,2021-11-06,Payment Successful
1408,1385,2020-09-28,Payment Successful
1409,1410,2021-08-23,Payment Successful
1410,954,2024-04-02,Refunded
1411,568,2021-06-27,Refunded
1412,713,2022-01-14,Payment Failed
1413,211,2022-11-25,Refunded
1414,487,2021-06-27,Payment Successful
1415,1274,2020-10-15,Payment Successful
1416,455,2021-10-24,Refunded
1417,423,2024-04-04,Refunded
1418,1168,2020-06-28,Payment Successful
1419,215,2021-05-18,Payment Failed
1420,583,2022-04-30,Payment Successful
1421,1002,2021-09-07,Refunded
1422,558,2022-05-02,Payment Failed
1423,64,2023-09-05,Refunded
1424,1391,2021-07-22,Payment Failed
1425,1193,2024-12-02,Payment Failed
1426,421,2024-06-02,Refunded
1427,715,2024-03-05,Refunded
1428,1187,2021-07-23,Refunded
1429,1140,2021-01-18,Refunded
1430,1324,2020-01-09,Payment Successful
1431,1142,2021-06-30,Refunded
1432,1225,2024-05-04,Payment Successful
1433,795,2024-02-14,Refunded
1434,1397,2022-08-26,Refunded
1435,454,2024-02-29,Refunded
1436,467,2023-07-10,Refunded
1437,1437,2022-02-04,Payment Failed
1438,829,2021-04-13,Payment Successful
1439,85,2022-09-30,Payment Failed
1440,1337,2021-02-28,Refunded
1441,390,2020-08-22,Payment Failed
1442,135,2024-08-07,Payment Successful
1443,794,2023-06-22,Payment Successful
1444,100,2023-12-18,Payment Successful
1445,1222,2023-11-24,Payment Successful
1446,272,2021-11-16,Payment Failed
1447,182,2022-02-19,Refunded
1448,1324,2021-10-29,Refunded
1449,150,2023-08-19,Payment Successful
1450,1227,2022-08-17,Payment Failed
1451,821,2021-11-16,Payment Successful
1452,662,2022-10-09,Refunded
1453,996,2020-09-02,Payment Failed
1454,1011,2023-06-08,Payment Successful
1455,323,2024-10-31,Refunded
1456,1127,2021-04-12,Payment Successful
1457,576,2022-03-14,Payment Successful
1458,1318,2022-11-01,Refunded
1459,89,2021-11-19,Payment Failed
1460,1081,2021-01-31,Payment Successful
1461,436,2024-06-02,Payment Successful
1462,21,2024-11-21,Payment Successful
1463,690,2022-09-07,Payment Failed
1464,438,2020-03-30,Payment Successful
1465,1346,2023-11-13,Refunded
1466,249,2020-06-02,Payment Successful
1467,133,2020-09-27,Payment Successful
1468,457,2024-10-13,Refunded
1469,1372,2024-06-26,Payment Successful
1470,662,2022-06-21,Payment Failed
1471,229,2022-06-13,Refunded
1472,1362,2022-02-04,Refunded
1473,492,2023-11-01,Payment Successful
1474,1234,2020-10-21,Payment Failed
1475,1068,2023-07-14,Payment Failed
1476,383,2020-08-16,Payment Successful
1477,546,2021-02-06,Payment Successful
1478,648,2023-03-13,Payment Successful
1479,1148,2023-05-09,Payment Failed
1480,722,2020-06-10,Payment Successful
1481,908,2022-08-14,Refunded
1482,1009,2021-03-06,Payment Failed
1483,1109,2020-01-15,Payment Failed
1484,508,2023-09-05,Payment Successful
1485,839,2020-03-16,Refunded
1486,817,2022-04-03,Payment Successful
1487,318,2023-07-22,Payment Successful
1488,208,2021-08-02,Payment Failed
1489,1478,2023-12-16,Payment Failed
1490,33,2020-05-21,Refunded
1491,364,2020-07-11,Payment Failed
1492,825,2022-02-10,Payment Successful
1493,723,2020-05-02,Payment Failed
1494,1241,2020-10-16,Payment Failed
1495,645,2023-06-05,Payment Successful
1496,944,2024-07-23,Refunded
1497,717,2021-02-26,Payment Failed
1498,761,2020-06-29,Payment Successful
1499,321,2021-05-14,Payment Successful
1500,558,2023-01-16,Payment Successful
